Question,Answer,Type,Subject,Difficulty
Capital of France?,Paris,,Geography,Easy
Capital of Japan?,Tokyo,,Geography,Easy
Capital of Italy?,Rome,,Geography,Easy
Capital of Germany?,Berlin,,Geography,Easy
Capital of Egypt?,Cairo,,Geography,Easy
Capital of Canada?,Ottawa,,Geography,Medium
Capital of Australia?,Canberra,,Geography,Medium
Longest river in Africa?,Nile,,Geography,Easy
Largest ocean on Earth?,Pacific,,Geography,Easy
Highest mountain above sea level?,Everest,,Geography,Medium
The ___ of France is Paris,capital,fillBlank,Geography,Easy
The Sahara is the largest hot ___ in the world,desert,fillBlank,Geography,Medium
भारत की राजधानी क्या है?,नई दिल्ली,"matching,fillBlank",Geography,Easy
Large feline predator,Lion,wordSearch,Biology,Easy
Organ that pumps blood around the body,Heart,,Biology,Easy
Organ we use for breathing,Lungs,,Biology,Easy
Basic unit of life,Cell,,Biology,Easy
Genetic material found in cells,DNA,,Biology,Medium
Green pigment in leaves,Chlorophyll,,Biology,Medium
Animals that eat only plants,Herbivores,,Biology,Medium
Process by which plants make their own food,Photosynthesis,,Biology,Medium
Protein in red blood cells that carries oxygen,Hemoglobin,,Biology,Hard
Photosynthesis is the process by which ___ convert sunlight into energy,plants|green plants,fillBlank,Biology,Medium
The ___ is the powerhouse of the cell,mitochondria,fillBlank,Biology,Medium
2 + 2,4,matching,Math,Easy
5 × 3,15,matching,Math,Easy
12 × 12,144,matching,Math,Medium
Square root of 81?,9,"matching,fillBlank",Math,Easy
Number of sides in a hexagon?,Six,,Math,Easy
A polygon with five sides,Pentagon,,Math,Easy
A triangle with three equal sides,Equilateral,,Math,Medium
Angle larger than 90° but smaller than 180°,Obtuse,,Math,Medium
The ___ of a circle is the distance around it,circumference,fillBlank,Math,Medium
A ___ angle measures exactly 90 degrees,right,fillBlank,Math,Easy
